name,lat,lng
Barcelona,41.35,2.15
Marseille,43.3,5.37
Genoa,44.41,8.93
Valencia,39.46,-0.38
Athens (Piraeus),37.98,23.72
Naples,40.84,14.25
Algiers,36.76,3.06
Tunis,36.81,10.18
Alexandria,31.2,29.92
Izmir,38.42,27.14
Tangier,35.78,-5.8
Livorno,43.55,10.31
Thessaloniki,40.64,22.94
Beirut,33.89,35.51
Haifa,32.82,34.99
Port Said,31.26,32.31
Malta (Valletta),35.9,14.51
Dubrovnik,42.65,18.09
Split,43.51,16.44
Tripoli (Libya),32.89,13.19
Limassol,34.68,33.04
Constanța,44.18,28.65
Almería,36.84,-2.46
Alicante,38.35,-0.48
Málaga,36.72,-4.42
Tarragona,41.12,1.25
Palma de Mallorca,39.57,2.65
Cartagena (Spain),37.6,-0.98
Sète,43.4,3.7
Nice,43.7,7.26
Cagliari,39.22,9.11
Palermo,38.12,13.35
Messina,38.19,15.55
Durrës,41.32,19.45
Bari,41.12,16.87
Venice,45.44,12.32
Trieste,45.65,13.77
Rijeka,45.33,14.44
Koper,45.55,13.73
Pula,44.87,13.85
Zadar,44.12,15.23
Šibenik,43.73,15.89
Porto (Portugal),41.16,-8.68
Ceuta (Spain),35.88,-5.31
Oran (Algeria),35.69,-0.64
Annaba (Algeria),36.9,7.76
Benghazi (Libya),32.11,20.07
Ashdod (Israel),31.82,34.64
Mersin (Turkey),36.8,34.63
Taranto (Italy),40.4,17.24
Catania (Italy),37.51,15.07
Heraklion (Greece),35.34,25.13
Patras (Greece),38.24,21.73
Volos (Greece),39.36,22.94
Izola (Slovenia),45.54,13.66
Bar (Montenegro),42.1,19.09
Durres (Albania),41.32,19.45
Skikda (Algeria),36.87,6.9
Bizerte (Tunisia),37.27,9.87
Sfax (Tunisia),34.73,10.76
Misrata (Libya),32.37,15.09
Tobruk (Libya),32.08,23.97
Alexandria (Egypt),31.2,29.92
Port Said (Egypt),31.26,32.31
Damietta (Egypt),31.41,31.81
Latakia (Syria),35.53,35.77
Tripoli (Lebanon),34.44,35.84
Antalya (Turkey),36.88,30.7
Iskenderun (Turkey),36.58,36.17
